body_pre,body_post,weight
14292,10013,32
15103,10013,19
19083,10013,1
20773,10013,18
21879,10013,19
22031,10013,23
22533,10013,18
23166,10013,17
24204,10013,21
24959,10013,38
25017,10013,18
26792,10013,31
27583,10013,23
28631,10013,21
29728,10013,23
31720,10013,25
32035,10013,14
34130,10013,25
34908,10013,22
36251,10013,25
36378,10013,15
36839,10013,21
37311,10013,17
37432,10013,28
38967,10013,28
39569,10013,38
39909,10013,18
40327,10013,24
40376,10013,24
40602,10013,29
40921,10013,18
41150,10013,18
41232,10013,36
41295,10013,31
41378,10013,30
41787,10013,27
41807,10013,29
41891,10013,16
42216,10013,19
42425,10013,29
42908,10013,17
43380,10013,25
43597,10013,16
43616,10013,22
43658,10013,17
43775,10013,20
43850,10013,15
43876,10013,21
43980,10013,24
44024,10013,24
44054,10013,27
44082,10013,19
44766,10013,26
44840,10013,24
44940,10013,31
45016,10013,26
45060,10013,16
45183,10013,23
45392,10013,22
45512,10013,24
45553,10013,30
45563,10013,26
45612,10013,23
45663,10013,26
45736,10013,21
45761,10013,25
45881,10013,37
46195,10013,26
46266,10013,27
46287,10013,34
46457,10013,21
46463,10013,21
46475,10013,35
46670,10013,32
46991,10013,17
47026,10013,28
47380,10013,25
47441,10013,19
47446,10013,16
47779,10013,22
47858,10013,34
47901,10013,27
47984,10013,31
47997,10013,21
48021,10013,32
48111,10013,37
48309,10013,29
48313,10013,25
48347,10013,28
48515,10013,20
48886,10013,16
48904,10013,25
48975,10013,24
49019,10013,27
49073,10013,20
49254,10013,22
49279,10013,26
49569,10013,34
49632,10013,21
49687,10013,29
49752,10013,30
49805,10013,31
49903,10013,20
49987,10013,30
50035,10013,11
50185,10013,19
50256,10013,18
50291,10013,30
50304,10013,19
50744,10013,24
50839,10013,30
51053,10013,1
51093,10013,33
51095,10013,22
51113,10013,21
51121,10013,13
51195,10013,24
51354,10013,19
51391,10013,23
51408,10013,27
51428,10013,20
51430,10013,26
51516,10013,28
51667,10013,32
51855,10013,24
51866,10013,27
51883,10013,41
52022,10013,30
52156,10013,24
52220,10013,27
52402,10013,21
52518,10013,20
52575,10013,30
52773,10013,34
53050,10013,24
53099,10013,19
53144,10013,30
53154,10013,24
53173,10013,23
53178,10013,30
53267,10013,18
53383,10013,22
53472,10013,18
53633,10013,19
53655,10013,20
53688,10013,27
53836,10013,21
53947,10013,26
53994,10013,30
54345,10013,21
54455,10013,19
54746,10013,30
54936,10013,23
55062,10013,22
55278,10013,19
55670,10013,34
55850,10013,22
55857,10013,30
55998,10013,20
56223,10013,36
56297,10013,23
56315,10013,21
56424,10013,15
56430,10013,22
56666,10013,19
57075,10013,23
57171,10013,20
57179,10013,25
57314,10013,24
57355,10013,21
57356,10013,23
57532,10013,24
57568,10013,21
57669,10013,24
57684,10013,25
57978,10013,20
58013,10013,33
58014,10013,23
58183,10013,32
58487,10013,20
58586,10013,29
58950,10013,25
58961,10013,33
59174,10013,22
59261,10013,18
59286,10013,22
59384,10013,21
59442,10013,23
59494,10013,21
59923,10013,25
59932,10013,23
59978,10013,22
60172,10013,19
60200,10013,19
60227,10013,15
60329,10013,4
60516,10013,25
60739,10013,28
60763,10013,28
60768,10013,19
60957,10013,23
61113,10013,24
61126,10013,11
61178,10013,22
61237,10013,23
61279,10013,22
61382,10013,24
61456,10013,23
61605,10013,30
61962,10013,21
61967,10013,13
61981,10013,28
62003,10013,22
62062,10013,28
62159,10013,20
62174,10013,29
62241,10013,26
62344,10013,19
62559,10013,15
62643,10013,26
62645,10013,20
62660,10013,19
62891,10013,27
62917,10013,27
63097,10013,13
63100,10013,28
63153,10013,31
63189,10013,23
63199,10013,1
63269,10013,24
63327,10013,1
63394,10013,16
63398,10013,22
63482,10013,22
63506,10013,22
63508,10013,18
63578,10013,28
63629,10013,22
63930,10013,21
64115,10013,31
64133,10013,14
64376,10013,27
64404,10013,33
64437,10013,29
64440,10013,21
64471,10013,30
64525,10013,24
64596,10013,23
64701,10013,21
64809,10013,29
65121,10013,31
65122,10013,22
65161,10013,19
65379,10013,26
65427,10013,24
65606,10013,27
65737,10013,30
65864,10013,4
65965,10013,19
65997,10013,23
66038,10013,21
66099,10013,30
66219,10013,15
66519,10013,25
66583,10013,32
66594,10013,18
66595,10013,24
66601,10013,25
66611,10013,23
66812,10013,25
66911,10013,27
66945,10013,25
67120,10013,19
67249,10013,23
67320,10013,27
67337,10013,20
67425,10013,26
67432,10013,27
67451,10013,23
67712,10013,23
67721,10013,13
67722,10013,6
67774,10013,31
67828,10013,19
68137,10013,25
68176,10013,20
68226,10013,27
68487,10013,14
68531,10013,25
68635,10013,10
68790,10013,11
68803,10013,27
69042,10013,36
69077,10013,23
69101,10013,22
69175,10013,12
69347,10013,15
69417,10013,1
69431,10013,18
69620,10013,18
69650,10013,30
69716,10013,23
69859,10013,27
69967,10013,24
70022,10013,17
70029,10013,23
70030,10013,24
70235,10013,25
70283,10013,25
70312,10013,23
70324,10013,22
70445,10013,16
70489,10013,32
70509,10013,26
70526,10013,34
70553,10013,28
70928,10013,28
70952,10013,25
71028,10013,26
71033,10013,22
71121,10013,18
71770,10013,23
71902,10013,25
72032,10013,20
72049,10013,18
72111,10013,26
72141,10013,23
72387,10013,16
72523,10013,29
72643,10013,29
72695,10013,24
72916,10013,15
72939,10013,18
73161,10013,42
73195,10013,16
73296,10013,25
73457,10013,24
73750,10013,26
73814,10013,25
73850,10013,13
74190,10013,16
74260,10013,18
74403,10013,26
75029,10013,16
75045,10013,23
75072,10013,22
75288,10013,18
75652,10013,26
75774,10013,18
75880,10013,27
76063,10013,17
76317,10013,22
76443,10013,17
76493,10013,30
76587,10013,26
76837,10013,29
76973,10013,21
77054,10013,33
77126,10013,28
77132,10013,25
77158,10013,30
77281,10013,16
77442,10013,25
77449,10013,30
77451,10013,30
77479,10013,21
77523,10013,16
77637,10013,16
77975,10013,25
78251,10013,19
78361,10013,29
78458,10013,26
78811,10013,17
78858,10013,22
78920,10013,28
79372,10013,25
79444,10013,25
79653,10013,30
79832,10013,32
79931,10013,20
80027,10013,19
80079,10013,28
80083,10013,32
80123,10013,28
80397,10013,26
80614,10013,15
81000,10013,25
81004,10013,24
81005,10013,26
81233,10013,22
81427,10013,28
81506,10013,20
81563,10013,22
81601,10013,18
81606,10013,24
81628,10013,21
81651,10013,23
81820,10013,16
81967,10013,30
82118,10013,25
82132,10013,24
82161,10013,23
82188,10013,26
82284,10013,23
82386,10013,16
82440,10013,24
82582,10013,20
82895,10013,30
82939,10013,18
83162,10013,30
83341,10013,26
83360,10013,26
83494,10013,23
83576,10013,19
83608,10013,20
83820,10013,26
83833,10013,27
83921,10013,17
84007,10013,31
84664,10013,24
84972,10013,26
85137,10013,14
85141,10013,19
85516,10013,16
86137,10013,19
86553,10013,11
86751,10013,19
86814,10013,23
86876,10013,14
86985,10013,23
87155,10013,17
87382,10013,28
87437,10013,23
87642,10013,20
87660,10013,31
87759,10013,15
87844,10013,21
88290,10013,18
88584,10013,22
88655,10013,28
88703,10013,15
88884,10013,29
89471,10013,23
89761,10013,26
89839,10013,18
89841,10013,15
90367,10013,15
91041,10013,24
92278,10013,23
92784,10013,17
92924,10013,26
92927,10013,22
93462,10013,25
93485,10013,25
93772,10013,25
93859,10013,29
94001,10013,15
94674,10013,16
94974,10013,23
95158,10013,23
95167,10013,16
95213,10013,18
95368,10013,1
96324,10013,26
97305,10013,24
97772,10013,24
97999,10013,23
98017,10013,19
99139,10013,33
99608,10013,20
101010,10013,1
102887,10013,42
103144,10013,22
104166,10013,26
104526,10013,24
105128,10013,26
106115,10013,22
106691,10013,22
107197,10013,22
107452,10013,26
107852,10013,27
108002,10013,24
108833,10013,21
109268,10013,25
109583,10013,18
109697,10013,27
109873,10013,17
110375,10013,33
111165,10013,36
112040,10013,25
112593,10013,1
112749,10013,19
114235,10013,29
114594,10013,21
115240,10013,31
117952,10013,29
118629,10013,20
118769,10013,23
119101,10013,26
119278,10013,39
119280,10013,20
119591,10013,29
119632,10013,20
119936,10013,25
121103,10013,31
122293,10013,18
122354,10013,23
122892,10013,27
123280,10013,13
123421,10013,17
123585,10013,23
123894,10013,17
124055,10013,17
124242,10013,25
124632,10013,24
125860,10013,26
126002,10013,21
126602,10013,15
127397,10013,23
129189,10013,30
129287,10013,17
129321,10013,24
129903,10013,27
129965,10013,16
130317,10013,11
130403,10013,30
130603,10013,20
130806,10013,18
130907,10013,27
131100,10013,29
131293,10013,22
131946,10013,23
132230,10013,18
132312,10013,23
133053,10013,20
133214,10013,17
133642,10013,22
133671,10013,20
133806,10013,32
134216,10013,22
134359,10013,19
134660,10013,18
134883,10013,15
135238,10013,22
135362,10013,32
135739,10013,21
136208,10013,29
136240,10013,25
136310,10013,26
136459,10013,30
136531,10013,30
136570,10013,22
138335,10013,19
138352,10013,16
138353,10013,18
138408,10013,25
138573,10013,18
139008,10013,20
139053,10013,19
139093,10013,1
139182,10013,20
139510,10013,19
139642,10013,27
139742,10013,19
139952,10013,20
140182,10013,20
140589,10013,29
140636,10013,25
142083,10013,1
142189,10013,12
142769,10013,19
143569,10013,17
143735,10013,14
143875,10013,25
144012,10013,20
144118,10013,11
144291,10013,26
144464,10013,17
145157,10013,21
145352,10013,21
146122,10013,21
147885,10013,26
148419,10013,21
148493,10013,32
148548,10013,20
148680,10013,17
148860,10013,18
149792,10013,23
150913,10013,20
151134,10013,23
152391,10013,18
153391,10013,25
154433,10013,25
157864,10013,22
160878,10013,15
163516,10013,21
163735,10013,1
163971,10013,16
164103,10013,30
165036,10013,26
168306,10013,28
171163,10013,27
172084,10013,15
173322,10013,14
176770,10013,17
180588,10013,20
180812,10013,23
180905,10013,32
188198,10013,1
189047,10013,23
194483,10013,24
195279,10013,28
200482,10013,20
205908,10013,23
212154,10013,29
212767,10013,34
218942,10013,21
221876,10013,27
243735,10013,23
518555,10013,26
519854,10013,26
519857,10013,27
521384,10013,23
523057,10013,15
523358,10013,29
523630,10013,15
524809,10013,24
524851,10013,28
525305,10013,21
526670,10013,27
527209,10013,16
527211,10013,25
532544,10013,14
533201,10013,28
533346,10013,35
533371,10013,33
533585,10013,30
534428,10013,24
535357,10013,7
536292,10013,18
537082,10013,25
537652,10013,19
537759,10013,9
539249,10013,29
541683,10013,20
541716,10013,28
543605,10013,19
543682,10013,33
543948,10013,27
544736,10013,33
547275,10013,23
547276,10013,22
550868,10013,15
552693,10013,16
552867,10013,25
566092,10013,33
566095,10013,16
566096,10013,18
569213,10013,30
569775,10013,31
579717,10013,23
583848,10013,23
583883,10013,18
591438,10013,20
